Tag,Gender,Status
mommy,female,Active
wife,female,Active
milf,female,Active
sister,female,Active
daughter,female,Active
step-mom,female,Active
step-sister,female,Active
dominatrix,female,Active
princess,female,Active
nurse,female,Active
bunny girl,female,Active
daddy,male,Active
husband,male,Active
dilf,male,Active
brother,male,Active
son,male,Active
step-dad,male,Active
step-brother,male,Active
gay,male,Active
prince,male,Active
warrior,male,Active
knight,male,Active
ceo,male,Active
master,male,Active
dominant,universal,Active
switch,universal,Active
shy,universal,Active
confident,universal,Active
playful,universal,Active
mysterious,universal,Active
romantic,universal,Active
jealous,universal,Active
childhood friend,universal,Active
roommate,universal,Active
neighbor,universal,Active
coworker,universal,Active
vampire,universal,Active
demon,universal,Active
alien,universal,Active
celebrity,universal,Active
idol,universal,Active
gamer,universal,Active
